1.61156934815,0.693328306719,-0.0598029202533
-1.60335532092,1.61359858512,1.05066882776
-1.71700424891,-2.20169626686,0.560279724777
-1.83591284862,0.105671002327,0.887857274112
-1.68368742479,-0.101220568976,-0.623732319578
-0.944087848708,-0.247135478426,0.0805954908875
0.334766336647,0.270772362723,0.538274819773
1.43682444311,1.58941221827,-0.123704522712
0.840111036984,0.910272907361,1.48497167036
-0.0905697367286,-0.379673393266,0.663868008699
-0.888672687814,2.16313226879,-0.403293547973
0.656574749681,1.44937257531,-0.329875917329
0.0481795018155,0.77938177001,-0.949279275876
-1.5646873028,-1.81180516513,-1.44897320987
-0.374299954916,0.198023924485,-0.165999942355
-1.3170229463,0.80830508666,0.232854623912
-0.263848099307,-0.513138687042,-0.383858213386
-0.380641820675,0.172508906256,0.380666985293
-0.738947674972,0.819860464997,0.157177814068
1.46605808606,0.449381065412,0.0622640529315
-1.02123914703,-0.123008192665,-1.29704710775
1.88454364855,-1.36241901132,-1.02271622518
0.0485223465719,-0.755882222737,0.990331099413
-0.857120567449,-0.88478642184,-0.380235156025
0.542948276339,-1.36717103029,0.761690670436
0.401877297445,0.858758227905,-1.08530974159
1.03584392658,-0.19031680229,0.172600927175
0.370344874217,-0.46389489905,-0.206584428571
-1.96295538011,1.21766353955,-1.12837515497
-0.813615657911,0.640292186553,-0.172777683411
-0.240890133476,-1.04385082735,-0.879817749971
-0.0312939590952,0.435138372317,-0.87513634078
-0.16235372942,1.46615518616,0.822751160846
-1.3030330336,-1.63615676872,0.106889339734
0.289165693688,1.96097057458,1.44684801571
-0.630210340432,-0.913858143608,0.397877843889
-1.95367281378,1.02989078108,0.609581821808
-0.845977224932,1.42784640444,0.0418397892295
-1.99590024659,0.0256549990014,-0.387603995945
0.766018063041,-0.00352642987375,0.510866726633
1.47473462055,0.0343559862729,-1.13893598813
1.01667189531,-0.0858058852443,0.0796187168807
0.0940667486168,1.2574524165,-0.0804674541227
0.497155684136,-0.495045187948,0.282495008479
-2.13977525512,-1.23394208942,-0.280828616809
-0.460426774711,-0.328836194633,-2.45069600116
0.268707223432,0.0380294899527,1.70890101128
0.276894379297,1.2723010278,-0.492309217338
-1.90745438343,-0.848880306616,-0.479452788842
0.216891297663,0.925265819229,0.916600750846
0.834193952558,1.36883399193,0.571508364696
-0.427593011221,-0.226066951355,-0.290884042495
0.0162799897343,2.40299856601,0.213850124374
0.45857835193,0.00613292031157,0.47586176562
-0.516155345423,0.368573590706,-1.28572754947
0.0834625693829,0.945907733396,-0.514555319704
0.0513958504267,-0.792273030187,-0.166479039368
-0.859333278304,-1.39647595669,-0.594058170897
-0.0667207418296,-2.30328267093,-1.73311257183
-0.570085877243,0.0458111712575,-0.16847054275
-0.562354456524,0.467347765047,-0.333979780094
1.38443001021,-0.459408488924,-2.88974161758
-1.21974554413,-0.0356743047583,-1.41821219701
0.592634021189,0.323512275773,0.339797650301
-0.259882120306,-1.46488978697,-0.555654417951
-0.436033476109,1.47272913596,-0.183860124773
-0.25392835114,-0.344288763118,0.0327105229065
-0.276285237485,-1.57681835631,-0.0491759103546
0.00700948418262,-0.362728503716,1.0199246232
-1.62790334722,1.44725896233,-0.182312569839
1.13034498995,0.0188459735858,-0.949763695974
2.10612171296,0.448033555206,-0.352393780248
-0.764059578168,-0.868646445874,-0.302361907708
-1.04400611113,0.484047988151,0.263003310357
0.800820075881,0.92767231881,-0.314919267095
0.56138118074,0.515651790969,-1.161089608
-1.0188969794,-1.24604637861,1.39522258818
-1.25728045079,0.968852653808,-2.16279862671
1.69966235619,0.457824068789,-0.0417490203955
0.370768326813,0.937430563504,0.776851586226
-0.255326900094,0.446295766078,-0.414875282678
-0.673604097964,1.52806646775,-1.50402019683
-0.112051480861,0.791784346297,-0.0326886873137
0.719867866094,-1.08541475268,1.30139276811
-0.20380636058,-0.034543577332,-0.344165202617
-0.251183768679,0.364106804756,1.83354225114
-0.763561571299,-0.991960308133,0.338114733191
-1.5203431912,0.428810439552,-3.24840667928
0.529290852708,-0.182672790555,0.900499227138
-0.328863485068,0.0549138895257,0.617104547086
1.19952278836,0.916407849542,-0.0144030156002
0.829772783434,1.46603530661,-0.195843113539
1.03266748658,-0.504236367315,0.456604043228
-0.776556075785,-0.790008068982,-0.786368187218
-1.01395636478,0.835564275025,1.06067406474
1.94617257756,0.176696286077,1.31865780623
-0.704905866035,-0.834690715635,-0.269974341106
0.182895975617,-1.00291965148,1.38967425714
-0.797263580957,-0.282030755166,0.475546532045
0.039998107871,-0.209510895998,-1.69104072478
0.237149682985,-1.31733387287,0.128523995116
0.0369566884769,-0.353255795115,-1.03919275186
0.94753679387,-0.721871329324,0.148293894257
-0.379709796843,-0.348187989896,1.03221653812
-0.537766314208,-0.887880130999,-0.103609213079
-0.178504647763,1.42773320309,0.929282768765
1.5532716005,-0.993538418896,0.606737256083
0.300322708216,-0.466481962121,-1.66202577579
-0.611643469857,1.46421639113,-1.06887384472
0.21867150554,-0.0683068920421,1.40309602018
-0.903646685147,-0.0669981839233,0.558910734356
-0.622505240444,0.217560547854,0.231221875965
0.330834804729,-0.521300314504,0.385259214865
-1.48778231956,-0.257938668943,-1.08874847116
0.452547285502,0.725245370484,1.08485398105
-0.554413063106,0.31080774138,-1.15178611536
-0.316953084674,1.89882683931,-0.220687568813
0.747367412688,0.316185908734,0.578186133582
0.938822772104,0.240064326386,1.1109793865
0.150816052314,1.680262974,1.34935283232
1.65205006628,0.135269447974,1.23493332638
0.128716535402,-0.150636463379,1.48821017064
0.81637951122,-1.67232459371,-1.29813354352
-0.884216422056,0.594209295114,0.22602533108
-0.251699133175,0.296454423378,0.592180256503
-1.06506526772,0.578918440049,0.181433085597
2.27104482758,0.623697829886,-1.63028939593
-0.44412884462,0.0930629076433,0.139333902972
0.379880628055,-0.0442936130712,-1.08425765968
1.17755715204,-1.08871677913,-3.38640400442
0.411240426067,-2.34498396208,1.82222920525
0.554572002411,-2.15508189037,0.741834723311
0.710763381418,-0.212749792866,-1.67074177903
1.85288703812,1.61553328136,1.2849777036
1.0698170767,0.686275277765,-0.0433387364789
0.282684631007,-1.61655501115,0.448960028448
-0.964499878326,-0.271375182358,0.549350519835
0.212813686741,0.163277036194,-0.413998352197
0.507173859417,-0.483684868924,-0.398658052221
-0.494575730965,-0.0144522566693,-0.790142150234
1.44623443047,0.846228606279,0.421320764225
-1.87137221932,0.303340065495,0.369180407324
0.0590618997386,0.978052583097,0.949121565836
1.39057151801,0.692121387742,1.49262737153
1.68533006486,-2.01836492656,-0.112500052456
-0.544015641966,0.507280035098,-1.85334199569
0.171366584831,-0.742605639365,1.29107901141
1.75417438607,-1.00433933767,0.141747218692
-0.622655728336,-0.302117683747,0.943779402062
0.0647744964192,1.08072248856,1.39341425446
0.610616591129,-0.58159478375,-0.22211142406
-1.15619333081,-0.762534712285,-0.162680616292
0.335909946992,-0.0957251298432,-1.6520278662
1.66835026428,-0.814718718253,-0.641356375572
-1.10716265168,-0.7769656353,-1.73838390851
-0.988256221998,0.608770497786,-0.979528172614
0.874829160662,0.0881190452217,0.368733944378
0.499910735421,0.835946846934,-0.161379230958
-2.23318571815,-0.853930508041,-0.792101656523
0.30157705817,0.0874958539002,1.25067549376
-1.3094925012,-2.04178440388,-0.533029877185
-0.188080276389,1.09518303761,-0.16509936238
0.158514220383,0.648974949094,0.252904952428
-1.12520512855,-0.26355442155,-0.752798611741
1.09641903567,0.78049091078,1.1262662026
1.34770551598,0.806292534788,-0.940046363156
0.596030609075,0.810420661549,-0.0426877752558
-1.36520350653,1.2085166692,-0.507396513529
1.29347218489,0.640714070188,0.668031569433
0.823018467375,1.22371222442,0.0885252492431
0.35080248674,-0.533126496048,-1.46593010545
-0.766127086864,1.04781966076,0.451153478295
-0.239597229589,0.477064077064,-0.102927855565
0.907920870004,-2.95935962741,-0.895869409312
0.669600303961,-1.83158299634,-0.383674983026
0.258353353799,-0.127594827018,0.612858003855
0.469755574288,1.80583406756,-0.904432646145
-0.719623106456,2.56638235135,0.934269341814
-0.783335156352,0.596888523305,1.52140296974
1.19670390467,-0.62370591272,-0.0330781898319
1.13100747314,0.168866690904,-0.095755141814
-0.174945093782,0.219512311222,0.555044652417
0.993416354862,0.205212082377,0.61642895548
1.18963182234,-1.15673155053,0.097253462792
-0.619913503529,-0.055151388832,-0.0993567977833
1.03695603522,-1.65329985297,-0.322413771253
-1.04673605961,-0.348381470012,-0.103035615808
-0.330326006832,-0.616449834876,0.138228811482
0.330003406829,-0.811780214011,0.657062997447
0.443212690476,-0.00738311345009,-0.725789237434
1.21591870315,0.136769737798,-0.608580694872
-0.20760979665,0.891289351605,0.929075553691
0.668440532842,0.144692920743,-0.62450527527
2.16038649526,1.23205457884,1.33126648071
0.0292466386115,-0.319803295648,-2.16284513535
1.56682943321,1.75944824082,-0.631352696539
0.992484354854,1.09089560549,0.282506042735
-0.834689853992,0.321647427226,0.0686375861104
-0.756739063787,-0.449176694274,0.0720621468132
-0.376332736235,0.568864107182,-1.28036456775
1.09428459461,-0.26452803132,-0.0434261432107
0.962117112748,1.04215078352,1.05157054872
-1.60437783407,0.732229018036,-0.182864338916
0.681727836661,1.09919986586,0.764503304726
1.09958072396,-0.479768184455,0.552665646645
1.45697218642,-0.619334837887,0.381946414059
0.0773416797952,-0.869054247139,0.515247483294
-0.154817642754,-0.135895274454,-1.25002330573
1.59761595931,0.649476510888,-0.11830974426
1.1057974455,2.41983725805,-0.623039065223
-0.868316854918,-1.05862835924,-1.3274142786
-1.09953252051,-0.119821373015,0.749063771602
0.777510777287,0.126276762335,-0.917734130082
-0.848644030009,-0.733015057273,-0.459806077145
-0.290586282353,1.37442043501,-1.42876599465
0.641759715866,0.137925444322,-0.89420765669
2.15490048382,-0.0805703197337,1.00671263962
-1.60478326639,-0.867202209879,-0.179230306394
0.0432818750417,-0.3360917252,-0.0722546105287
-1.11715828308,1.30097345236,0.145747244537
-0.393009466365,0.176484705558,-0.328006393385
-0.711718782408,2.03746873504,-0.749299050351
-0.113456808088,-0.583345738942,0.317269263445
0.739183002074,-0.999005916532,0.115915985072
-1.18644786959,-0.556691173373,-1.47298385893
-0.398223866648,-0.303119463541,-0.603408328421
0.36657229677,-0.277777857243,-0.0691132495071
-0.783856731888,-0.630605564443,-1.14650080684
1.4493460059,-0.972902944476,-1.06882324455
-0.344146267647,-0.958547952117,0.862776349603
0.504774226535,1.57574850335,-0.014689053841
0.390645841597,1.38782793717,-0.306389790147
-0.844072926276,-0.0390579875099,0.759623402816
0.51575407259,-1.13228609656,0.892360127028
-0.22597488774,-0.44096309727,1.0783780803
1.34866823827,0.864145409489,-0.341398537522
2.18782117778,0.374704564477,-0.904877575848
0.911909657685,-0.377675143448,-0.885228293908
-0.153448851442,-1.67863322338,-0.505388944078
-0.323509325275,-1.3096665081,1.47073650324
0.0222829920581,0.571306244588,-0.723416805662
-0.644055469785,0.0212017515477,-0.805749697759
-0.708745914117,0.037612698994,0.0821035347366
-0.985014446431,-0.497521469138,1.46928369314
-0.333228705242,1.13845608806,2.28492028717
-0.322239209012,-0.181121053569,-0.93478928293
0.760778912933,0.849856656407,-0.644173659855
-0.769163132059,1.23345123349,0.486925507318
-1.6018573173,1.63586208908,0.0248301821815
-1.32451202589,0.884397511767,0.699834558201
-0.980224944458,-0.660619265692,1.08872316585
-0.747879340259,0.00791510366851,0.150497022611
-1.20276456423,0.346148843422,0.361116356096
0.396520578643,-0.371558572453,-1.30551733716
-0.111097208372,-0.756348096639,1.40076934585
-0.506675628967,-0.040586458685,0.624646798013
-1.08372054599,-1.6105101954,-2.15639270554
-1.30538150776,0.672694344372,0.636162095959
-0.962588722772,0.401388174298,-1.22929414121
-0.906138196261,2.03254985537,-0.931433039173
-1.23582798902,0.339793391475,0.591268637998
-0.687067933262,-0.780263224749,0.131084108595
0.899587642694,-0.3524120206,-1.40309647926
-0.378965750552,0.290304474165,0.105737255668
-0.561472133162,0.63916516634,0.648507708641
-0.144211166831,0.453384749097,0.513623415909
-1.35309912343,0.488256836123,0.858815034033
-1.1692725712,0.820645993607,-1.42025198455
0.949750000585,0.786680891551,-0.489626839131
-0.0185261990638,0.760866896617,-0.101343155172
0.312236849547,1.84142465246,0.754568821864
0.266266150665,-0.603956168373,-1.93163845994
0.708577626029,0.652839820113,-0.198977117042
0.425981850848,-0.802836035347,1.13054827194
-0.406731935685,-0.21199812726,-0.815436469713
1.97706903283,1.38567325521,0.461872396448
-1.11375870438,-0.275742381726,-0.354057150926
-0.735806333487,0.32079370243,0.000632644973268
1.30237782028,0.490831790049,-0.605683801939
-0.558913192009,-0.395125336943,0.472943792644
-0.0254200250685,-1.39822293294,-0.132095773771
-0.390551872694,-0.393844369018,-1.13271706584
-2.05536725735,0.40593929846,-1.16181692194
1.1182946404,-0.219154923735,-0.946422888295
-1.09816561456,-1.90991422906,-0.128121857206
0.946889537209,-0.981029540503,-0.987279158795
-0.207960832173,0.153944494541,-0.956236277366
0.396788404706,-0.418996878002,-0.197155594077
0.846950764764,0.572718914377,-1.24680209498
-2.3402367234,-0.787849371902,0.900306933876
-2.11559971978,0.591853039013,-0.470252948066
-1.48613207061,-0.102801181287,-1.57785939793
-1.07027995389,-0.524622515055,0.227714952846
-1.59114925192,1.14487571927,0.0119092318986
1.90145034186,-1.87714707996,0.496936725121
0.527143187927,0.394644823715,-0.248207145578
-0.586864381419,-1.11710289229,-0.493089079453
-0.972829033671,-0.376372034684,-1.27279674287
-0.0444406040504,-1.18319175614,-2.22353014076
1.81877655488,0.729396319648,-0.560166808367
0.848347948404,0.711729017349,1.47821410456
-1.4569501148,0.898863148453,1.97705609951
1.77510367123,-0.113333486332,-1.00058222024
0.387350790932,-0.677174362937,-0.168069973928
-1.32410995683,0.206948049802,-0.912026063011
-0.553221485966,0.329395448936,-0.00843031759617
-0.076566218527,-0.984635488239,-0.025397205231
0.679262319718,-0.506103932776,1.30388312474
-0.11052803876,1.76505997116,-0.556155808879
-0.514057407443,-1.22950725911,0.0659372627857
1.73413489355,0.941857608603,-0.150300947967
0.165593541749,-1.51485895093,-1.7736027898
-1.53381026246,0.922696435902,-0.0304140101742
-1.03153334867,-1.53556039453,0.473099364617
0.324216335389,-0.412585970151,-0.0641765685803
0.176513902884,-0.833700285583,0.713026756922
0.158737914847,0.48603793073,0.704624491645
0.240770850061,-0.824069756883,-0.349804626706
0.826245628608,-0.677072974216,0.204051329933
0.414341547551,1.53937591158,0.935218547013
-1.52422088666,-1.973083855,0.0849421408608
-0.989096103048,-1.80586896146,0.663195816826
-0.44476488872,1.8938425109,0.274475696815
-1.40705092117,0.028260084759,0.991888390322
1.03481475945,-0.320331531177,0.237874148422
-0.139617136965,0.491993488089,-0.464955748556
0.442406155354,0.783639462132,1.00955113676
-0.2261358546,0.929439054664,1.62124361234
0.87944474842,1.42969048135,-0.912551996589
-1.76700673176,-2.04333049324,-0.283690048785
-1.34202461464,0.153519178764,0.556146917533
1.46714250521,-0.437963179405,-0.763698865485
-0.703171059288,-0.509813143827,-0.51238586805
-0.837052123877,-0.607153666292,1.76734943799
1.6518106282,0.596357207619,0.779945635155
-1.95163326185,-1.14533790466,0.765426559513
-0.189236640818,0.557522668132,1.55528732724
-0.324911892963,-0.434920968583,-1.16306806772
-1.29575967857,-0.423479427135,-1.41313481095
0.675540503141,-1.53863129473,-1.02750274814
0.150782644161,-0.214700627915,-0.123865646076
-0.160688772918,-0.942588072993,0.69439214091
0.526738795761,0.535658828921,0.417068133251
1.66842028622,-1.65741921047,0.140044201269
-0.573007401097,2.42063861073,0.182117272256
1.13415446323,0.853039436614,1.66409193131
1.01802895137,-0.060833398562,1.32670645604
0.691144885964,0.264690216209,1.12077252849
-0.090587381233,-0.372492376547,2.41691051015
-0.844795871471,-1.23784529362,-0.338128410551
1.12582477208,-0.132647156933,1.33825149043
-0.102704470604,-0.983889934973,-1.85358047359
-0.205145534541,0.862424906313,-1.40004337222
-0.0654825926519,-1.79410159081,0.765478547565
-1.51102563824,-0.156531805887,-1.2453411133
0.337351213362,-0.835880776038,-0.3209578082
1.28916662036,-1.13539502791,1.11668741755
2.13182686878,0.737687171183,-0.278520091919
1.40314808846,-0.401237617339,1.59265724501
0.384954204148,-0.087625114709,-0.556723082674
0.317402958941,0.898333665395,0.344685889259
0.980706708346,0.323634767316,0.824368286254
-1.26020553253,0.20207224831,0.69838923639
-0.00552698274568,1.43950191687,-1.3499445679
-1.40992657214,-0.476026815459,-1.51103294327
-1.00033047074,0.687460553729,-0.97557281364
-0.346331273319,0.113935759912,-0.407093652079
0.548919170918,-0.211752579791,0.341629988613
0.294417494205,-0.927468475697,-0.992131925409
0.370165437809,0.160242977283,0.128203292813
0.584850332319,-0.848494678222,-1.0413578236
-1.00208738061,-0.574260850811,-1.73512582174
-2.33634808836,1.53971676404,-0.0431436626896
-0.467835023226,0.77443384962,0.0166003947124
0.500627356851,-0.878528385191,0.194101201777
-0.268521819094,1.61640410522,-0.324396807556
-1.07888846904,-0.4377488789,0.177234649636
-0.164474727786,2.99071284381,-0.365943327722
-0.871954237503,-0.265297715217,-0.879861512298
-0.854992100009,0.574169602463,0.533335103506
-0.880605233708,-1.0744124416,0.702513825285
0.50116803336,-0.290227254042,1.13926702578
-0.108690726409,-0.107501217943,0.257023385293
0.453475792166,0.375930940681,-0.229856293964
0.793681274536,-0.349873589699,-0.806657414127
-0.25608328564,-0.819079090132,-1.14700628979
-0.448320550979,-0.219033188513,1.0245080689
-0.0643206903543,0.306461290856,0.140586932664
1.08457452739,1.74056897111,-0.189155940659
1.1821492798,0.702543422966,0.757639208108
-0.146779009377,0.456020218745,-0.427365082419
0.951630722283,0.690736909634,-0.705983532583
-0.684986768147,1.45341426728,1.18163978689
1.15124576866,-0.206165275655,-0.510765816264
2.07343611871,0.509586453567,0.528724155394
-0.020324756488,0.239091550508,0.776358552131
-2.12784390721,-0.291036033431,-2.64400737559
0.380649659243,-0.692329335225,1.47670777442
0.024925539429,-0.0734200398633,1.29701042642
-0.723913043273,-0.827872345448,2.61019206774
0.609874408848,0.902702848263,-1.03254943051
0.136189167048,1.93579272696,0.0110690312525
1.31428691287,1.03157231366,0.528187363749
0.0841642230608,1.12857611852,0.0535161405366
-0.830450749945,-0.369278197439,1.51255555537
1.50559391191,-0.370683328918,-0.292878406992
0.779628913208,0.798265730956,-1.1798977054
0.51080749835,-0.0532313082264,-0.00177659998102
0.966575000634,0.864445855928,0.637486480725
0.911014890831,0.205544401975,0.369928261026
0.0321123494294,-0.322374582918,1.48195345808
-0.411928928096,1.42273220873,1.43808518251
-0.245518364161,-1.44315424281,-1.08311372011
0.4467083049,0.196701585499,-1.89416332114
0.0952171360285,0.71953464236,-1.11327712082
-0.672015444266,0.437754382715,1.37728737117
-0.546594345071,0.939366459548,0.298350909382
-1.59257530784,0.217801422393,2.29868402192
-0.611306257448,1.69415738235,0.0115069303977
-0.812872953071,-0.264515347024,0.393578806905
0.0744753251715,0.910666656021,0.454748278232
-1.05619646832,-0.455905187027,-0.987137995588
0.285146837333,-0.340637678678,0.825362451063
0.779778262628,0.289860053071,0.441014979436
0.312522294773,-1.36486805971,0.221377660085
-0.0204460053734,-0.926738447495,-0.630659552799
-0.0388946392398,-0.120492126783,1.14056360923
0.835054627346,1.34558210887,0.574787471529
1.03769077218,1.54171564765,-0.54815714494
-0.468507405534,-0.444452296115,-0.19408229401
-0.0591437046392,0.623010060572,0.542503626407
-0.689824998852,0.124596677536,-1.44486686811
-0.521611235219,-0.17076770372,-1.15655149577
0.661433828286,-0.435531623314,-1.56947804527
1.00352477787,-1.12472039668,1.32698749366
-0.457516820581,0.315830650916,-0.0808808144881
-0.390059609914,0.0566583023747,0.224241401998
-0.520014048028,-0.945625657428,0.568844348132
0.202133170041,0.42149847881,-0.766720149834
0.0696097914256,-0.415015268735,-1.19672034606
0.819854153511,-0.23556309224,-0.936660293164
0.53435578733,0.886913042624,-0.328114517201
-2.09082542369,0.105223136201,-2.53667058911
-0.208174590424,1.18995658196,1.00107915522
1.78019728826,-0.800969226533,-1.43116617734
-0.140573788482,0.559231646548,0.447436752305
1.05844623526,-0.731771739918,0.728129035224
-0.638319787235,0.541272012278,1.40951642301
0.893128766328,0.464300078704,0.5444714246
0.765681211541,-0.817069310423,0.539806346192
-1.51132534874,0.23682207026,-0.0461880630052
0.907604761572,-0.609564726896,-0.494986090202
0.826834299836,-1.09501829593,-0.60432740206
-1.1141841474,-0.877003009854,1.44655053768
1.34211040844,0.342339518931,0.229163211735
-0.274546323644,-0.422166283418,0.626652519719
0.762139328747,1.26494441325,-0.31949683832
-1.35160349914,0.294890825515,-0.441364701769
2.02844510302,0.135977987368,-0.606590100249
-0.14660264744,-1.57644430007,-0.677386092225
1.5774383879,0.0686962567025,-0.182709942252
0.314709475697,1.52869422566,1.33489548173
-0.0575005059358,-1.20315923799,0.0962705191462
0.0228376157774,-0.33288814229,-0.353485509674
-0.170283075946,1.17105743228,1.97717786087
-0.706132246334,-0.118514544724,-0.197416795534
-0.0444666926241,-0.187442972288,-0.286613565661
1.35504121516,0.629723015173,-0.221893325492
-1.61701981237,1.17071341185,1.76180679546
-0.329858798411,0.616158227932,2.29717803675
0.532123418205,1.44286140134,0.148015160888
0.519835453548,1.27416396399,-0.758854153415
1.14070409211,-0.266337934005,2.23956067847
0.396199936212,0.0743585479224,-1.66021569307
-0.958315268876,0.2261013992,1.00022402179
-0.233888536536,-0.818183328788,-0.152995081891
-0.353369394648,1.29959151086,1.22902667151
1.97168362971,0.482020090503,0.243825988112
-0.505755899431,-1.68003701643,1.2869226698
-1.28662746346,0.14373842837,0.93452975411
-1.47574960748,-0.926240581099,-1.98579912217
0.587990507056,-0.216764350915,0.953186623523
1.4120814647,-0.78715360335,-0.642470246447
-0.660816355095,0.789394097693,0.150636810722
0.0102028488027,-0.912948319971,-0.626932071406
-0.134852814558,-1.46137944012,0.310546167803
0.0614019032164,0.33962785745,0.790108215269
0.0515885632464,-0.194945449575,-0.965074690331
0.503648301027,-0.0919690371559,-0.264756573782
1.2208505172,-0.756502808022,-1.42341828816
-0.334749945735,-1.06491668287,0.764796177885
0.706297137718,2.76102021727,-0.520945522119
0.162744737773,1.05206276005,1.64392411134
-1.94683463553,0.256553591347,-0.160406165167
-0.149050352753,0.258368191227,0.542833826877
-0.704267709272,-0.717955676602,0.235059227158
0.938242758947,-0.889495235781,-0.596485652376
-0.00550098269335,1.44842705379,1.09124213632
-1.60591240916,0.119490232873,-0.52641378257
-0.195158053674,-0.744988168787,0.252631876388
1.21733643211,0.490331673084,-1.30920404306
1.76917926072,-0.506306276525,1.75951370935
0.0875309669423,-0.943538845368,1.57754720225
-0.844765904913,0.734116844453,0.803525877521
-1.36140482998,-1.67178592932,-0.38596885855
0.143768107185,0.289071641575,0.46341541531
-0.191474573187,1.86069232184,-0.247453663443
0.100702999736,-0.364678673368,-2.05037767029
0.307007459375,-0.275776675244,0.491901109806
-1.09062162464,1.73533039296,-0.584885005448
-0.472244069929,0.448079551289,0.259866410611
-1.2667578117,-0.738609689688,0.782239227525
0.276408567784,0.290789161892,-0.116931912154
-0.413117249095,-1.67601502342,-0.826981478285
-0.619616020343,1.34498114527,1.36779749318
1.39585761042,-0.493974646602,0.659789135419
1.21551488468,-0.00895363433932,2.2506816486
0.610990750855,-1.61544449737,-0.361820927847
0.994187435901,-1.10104298698,-0.943241566387
-0.228623139086,-0.574317714683,-1.14238903891
-0.342606254559,-0.965854619068,-0.212010179616
-1.18637388143,1.44760857078,-0.0246176794838
0.368355513981,2.28354350847,0.369641359722
-1.18347456837,0.340390293307,-1.81696799231
1.35118905877,-0.094743528731,-0.832351396588
-0.621582649253,2.25340078849,-0.0697384021679
-0.961425581281,0.433196088981,-0.839390340193
0.191579200174,-1.09868491996,0.251081301246
0.418375201544,-0.652754504667,0.433448386048
0.671478481546,-0.196422696451,1.47631402439
0.799597278201,-0.0921809738232,-0.318959789133
0.51779717888,1.3777652245,-0.248771790151
0.438762051465,-0.0394593869007,-2.30122219362
-0.671063676859,-0.092753695851,-0.632941920112
2.17608502356,0.881933479929,-0.121515226042
-1.01559335328,1.72733470991,0.486983890059
0.775131595532,-0.600433884238,0.34110326461
0.604820577963,0.0708627064097,1.08220606035
0.804787629661,0.488975290617,-0.524593170907
1.59230597521,-1.66861295723,-0.827817399386
0.512373574917,1.77245002754,-2.20947856185
0.638170566068,0.458945939351,1.46158055257
1.39163088118,-2.75307433409,0.729820490456
-0.282682417696,-0.113607445882,-0.299313888017
-1.27243039944,-1.78962254493,-2.22915539864
-1.48400871459,0.508051354862,0.164723231427
-0.18754122973,-1.05580670672,-1.05055642722
1.94934581917,0.553675117288,0.233136390095
-0.762353454341,1.50298229445,-0.446778883994
-1.9159061058,-1.40760409624,-0.0275003950165
-1.04711034066,0.0205136072142,-1.6075374507
1.14797180861,1.00534772002,0.71810921571
-0.185451145854,1.35473387323,1.23083257505
0.610033862066,-0.484831975862,-1.05744959098
0.524221731304,-0.0212881452423,-0.542780175196
0.364976496483,1.15892074834,-0.490519084331
-1.58491527625,-1.38977495371,0.462438777723
0.908193373848,-2.31432866007,0.914626927859
-1.4925153402,1.66857683829,-1.36871484944
-1.50885246398,0.121081273765,0.649853970262
-1.2834811077,-1.52578071599,-0.433656968602
0.746750942782,-2.33267260941,-2.23775265774
0.252894035694,-0.932722362126,0.535516549668
0.449276627711,-0.327738478292,-1.39389854764
0.173917409784,0.867647903128,0.341213274885
-0.410600744173,0.884978356728,-0.167875237899
0.646236531738,0.0656556824206,-1.18807581916
-0.81182319842,0.0706476946912,-1.31949883703
1.05280188428,-0.867889833771,0.0637919049782
0.897496153263,1.86152784379,-0.120324897272
1.35351277848,1.67680003229,0.428287021355
-1.29344481093,-0.163850430827,1.11926254376
0.374540753502,-1.51858887107,0.618081544149
0.943282088377,-0.183139806303,-0.271517969774
-0.20622590791,-1.85902952711,-0.431640619401
0.123923736105,-0.0439215022887,-0.216228181281
-1.65365782226,1.52467703335,0.838526341717
-0.105816698356,-0.893094747594,0.849296323863
0.461270995639,0.943763441516,-0.247870218905
-0.42845027539,-1.11613333768,1.5191394356
0.163750639345,0.304683176612,0.227263611637
0.191333561235,-0.25948232901,-0.761837867687
0.84755605851,1.03795264466,-1.01710344533
0.797287984535,0.228729259627,-0.0737285165382
-0.206452897808,-0.760636166794,-0.283734281689
-1.04718279417,0.179600640871,0.212990707284
1.43440481033,2.08755450438,-0.639023988807
-0.844185468221,-0.0885013928319,-0.282651831525
0.770040397513,0.0309640381371,-0.366690266883
0.600980904344,0.980067186801,0.886171607555
0.43006997251,-1.27846571047,0.33426687197
-0.364437154724,0.312467239776,-0.971395132791
1.38015770771,0.510738849111,-0.455342821925
-1.8053602285,0.311549870054,1.24978058936
0.261009309653,0.542916986293,1.12232139639
-0.139717558452,-0.519980784432,0.896263904872
0.501500511475,1.21535062096,-0.0208191151035
2.06920565265,-0.591312560553,-0.838516479622
0.335076450016,-0.554661333102,1.16418007905
-0.286781126454,-1.35977294103,1.99656630081
-1.98183260321,-0.238791476841,-0.768055218132
-1.27366580234,-0.544310964682,1.80062692693
-0.351666633409,0.328252112602,-0.476324539958
1.90868918006,-1.35021605654,-1.39198850798
1.38736285053,0.00907568844224,2.08016882634
-0.937603210497,0.414433728862,0.0489928580137
0.0385541781047,-0.482409435828,1.09236164064
-0.719680843353,-0.195761177161,0.370096178205
-0.482981907658,0.122608659649,-0.110343080069
-0.135998504235,2.08701509751,-1.22489898211
0.634546380827,0.422089650501,2.05336634938
0.193169130272,0.437017476891,-0.150143610655
-1.74444942424,0.309244929349,-1.19327277576
0.492538023619,1.51195426778,1.10025342596
0.775040429515,-0.306451645108,-1.11277324057
0.6862300167,-0.696676824251,-0.279979986767
0.968406350881,1.1862532925,0.672029190434
1.68618946023,-0.879189075794,-0.915906353122
-0.243628451413,1.65835247744,0.811574232215
0.15306845344,1.6467347522,-0.78600895203
-0.721309069544,0.425573449536,0.868480526167
-0.389665964854,-0.48794984363,0.043888441997
-0.499964469317,-0.959450398185,0.569881446367
0.0040832439058,-2.13152029099,1.02925226264
0.412115935161,-0.851305797277,-2.37389253444
-0.208639384622,1.71030568181,0.190341682139
-0.784722634687,0.663816077758,0.485357839573
-0.329872820408,0.903953789796,-0.399387296894
0.543244187879,-0.411656515332,-0.548131028113
-1.00000594843,-0.0218435421878,0.606249141294
-1.17664906055,0.174619897762,1.26879852732
1.79963965131,-0.0207308414986,1.81275648869
0.883797982718,-0.204990736919,-1.01999157339
1.57692746866,0.606800435575,1.17024397182
1.2409240955,-1.15196637454,-0.337187671478
0.0816406698379,-0.150268100512,1.70898898364
-2.35563846641,-1.09384277659,-2.63737096678
0.38824199077,-0.341550124018,-2.48308116878
-1.07784204653,-1.48249340743,-0.520483294643
-1.14618381318,1.57900876825,-0.205612215694
0.12657376086,-0.249059020434,0.625087704365
0.176873726901,0.321047002196,0.467752462016
-0.331820699018,-0.730199183015,-2.33315017467
-0.288278845109,0.855653124084,0.533025465324
0.521323445864,0.0984468566694,1.13232018191
0.925326105965,-1.19285108391,-1.06995085805
0.434502147817,-0.813954653082,2.79485085308
-2.27939254811,0.75598204924,0.852629173022
0.71344865031,0.382511379572,0.343904798166
1.7384585417,-0.806592341411,0.168234971412
0.99857149459,-0.66021989785,1.22309176115
0.952175758215,-1.11124803791,-0.100333819073
-0.696296636514,-0.353237194752,0.530587073709
-0.661938001509,-0.0662244893513,-0.550608607778
1.15209394364,1.35382046785,0.651329966922
-1.60339028585,-0.847632355514,-0.0897334918292
-2.36360728436,0.836989840286,-1.39002847649
0.329499508834,-0.468395621501,-0.791804202348
-0.0895069212341,-1.31484752795,-1.30349447875
-0.95163665778,0.038830401573,-0.60191974054
-0.208358283009,1.33379678389,-0.286276741769
-1.59255149295,-1.44519098131,0.202195820758
0.204463844979,-0.121577274296,0.0847531053114
1.17516212793,-0.0383862418269,-1.31296254532
-0.85139092801,0.366510906558,-0.375899678176
1.85386041807,1.35337464503,-1.07497676806
-0.363141061851,-0.357853002143,-0.0421895163533
1.81046336013,0.166999432003,-0.595533059045
-1.51919071059,-0.0723986491467,-0.157604207937
-0.798118094133,-0.110998847938,0.948025317935
-0.260076809366,0.527376427609,2.29160146166
-0.166554671081,0.261792166913,2.06893860372
0.623297860288,-1.24632577492,-0.667048065183
0.896078399667,0.561971219397,-1.50793752883
0.156341272769,-0.907882062221,-1.41094898075
-1.25970092391,-0.779555148433,0.212219513713
-0.406365214997,0.683252984941,-0.672074579128
-0.225365819679,1.34409181385,1.86498026328
2.24466128806,1.14706618325,0.597826253621
1.29535378825,-0.828862252177,0.63062398078
-0.186074633503,0.0366623301216,0.955169478447
0.352924149526,0.041646943241,0.299057394983
-0.723456651049,-0.648076709379,0.444982301127
-1.21524621307,1.18410363232,0.424672469238
0.530621929826,1.89443343824,-1.09256723205
-0.636366818243,1.93887752211,0.0672459855137
-1.52817985411,-0.367832232975,-0.129165255406
-1.38546113511,-1.06804540297,0.430396263313
0.384206615173,0.078278795941,0.239237575869
-1.48593437327,0.269133487439,1.55330072796
-2.00617784501,0.568125700034,-0.146771812423
-0.413878894995,0.478054110592,1.08467041204
-0.360342053582,-0.521827189651,0.889102603879
-1.21044633609,0.200106473013,0.67857521488
-0.565425141776,-0.0565876959021,1.23600025647
0.530037024364,-0.0423263344216,3.05126371355
0.107636934573,0.0914812440817,-1.29041956787
0.937503704703,-0.186832801835,-0.346600454848
0.71461453502,0.701586357309,-0.326947242245
-0.497853075235,1.36014397372,-0.548574387622
2.30912588372,0.26261370585,0.433309877842
0.369701746799,-0.564148824605,0.466337924435
-0.71119891107,1.83832617791,-0.404876122805
-1.39411633556,-1.22214453773,1.11730763515
-2.18273390504,-0.380273165149,-0.783753442571
0.660831148101,0.841767210861,0.635911180923
0.273651077747,-0.312964172922,0.814485349589
-1.00506869179,2.12124113916,-1.42842589662
-0.485776258604,-0.0889123865768,-0.543775532639
0.285994278702,-0.297864817511,0.593363302529
0.989598870657,-1.0294574336,0.0743363582942
-2.33599800182,-0.379683639115,-1.25551167295
-0.864974468108,-1.44739198078,0.439090063437
0.0833775548648,1.49064441705,1.06079083694
-1.905409324,1.38538123928,-0.154151477973
0.266566661376,0.568480275731,-0.257284623369
0.0162507572515,-0.48823500402,0.606070567333
-0.675930540002,-0.00712973979471,-0.599946163422
-0.983734286554,-0.521623397589,-0.0313432819231
-1.12053178063,0.14217001908,0.382998821499
-0.0477539930198,-0.260848121864,-1.80630559444
0.0951531137384,0.649137714344,1.63794777238
1.33213932139,-0.102723708397,-1.77384050685
-1.33059748904,1.68148352827,-0.613696588881
-0.158564465631,1.24378618101,-0.38566890528
-1.84369478985,1.60605335291,-0.019575504437
0.188479922348,0.61589492706,0.324675338623
1.01189938951,0.25547135291,0.4847987195
-1.47725330375,0.95260395901,1.51329885821
-1.4722649425,0.371553136331,-0.0739498381165
-0.690834673902,0.603893215839,0.407295219822
1.69584316561,1.10206051768,0.348337282212
1.21627211562,-0.675465115331,0.936800477054
-0.256420164494,0.501258345383,-0.547456626686
0.88434060387,1.2907198684,-0.0723428372086
-0.274110854796,1.98038388679,2.1906458047
-0.133731783714,0.397979470763,-0.904568164428
0.144105109351,2.2842360423,1.20770659393
-1.62333425584,0.139234456578,-1.13464280255
-0.00485228189465,-0.403009096635,0.458817716197
-1.24814975958,1.03250071715,-0.622877318925
-0.248521962569,-0.706541823986,-0.0621459283743
-0.204122287039,-0.396081239954,-1.4376180845
1.4448522854,1.29821325591,-0.019606661442
-0.595975469034,0.540051103371,0.34062866545
0.941632478409,0.323940244833,1.15040329735
-0.364788814589,-0.178657869057,-0.149854455097
1.39751402266,0.731881751229,0.154279657014
0.267527670648,-0.717945597086,0.511364682788
-1.64159309833,-0.187129485405,1.19308139922
2.07538360039,0.442426883523,-0.167922845525
0.376171388643,-1.34107755529,0.640989849005
1.20886762464,-0.26577292159,0.0891114274512
1.26542984129,-0.351739355046,-0.582942004518
1.45741115392,-0.192639557739,-1.01577945988
0.0705979719976,0.200815378001,-0.0704785144032
0.804299294127,-1.43610772008,-2.38675319917
-1.1745499747,-0.203300304006,-0.608878162368
1.1787499264,1.69234423516,0.217799870834
-0.807575105026,0.648813593433,0.356510504546
0.202125354935,-0.0840806519838,-0.894969188248
1.49645718712,-0.395089749446,0.797450571849
-0.431334089461,0.34068682085,0.580092685849
1.00111252966,-0.723402035737,1.20181957651
0.119742312316,-0.71460768157,0.839063633334
-0.953409341192,-0.602112284072,-1.70240043161
1.16785876352,0.0350456425776,0.939350030675
-0.0133918472252,0.602687972152,1.26215087889
-1.71919295037,0.376242987643,-0.907199609495
-0.144234774377,-0.713419141454,0.104228674098
-0.14002278047,-1.02690312221,-0.519472054583
1.18634249868,-0.683843708585,-0.635159808863
-1.91523225571,1.74828279594,-0.279116034005
-1.21119866314,-0.0160865355955,1.2639118136
-0.508204050153,-2.32007600817,0.868401158174
-2.05956652048,-0.359555095637,-1.635175023
0.170057712186,-0.48336481278,-0.700545622084
-0.961495145867,-1.68131822772,-2.03020999059
-1.23404837349,1.94389120881,0.4487055563
-0.123070687715,0.850212218279,0.170132030166
1.13830329994,0.177883946736,0.49673292815
-1.25640057679,-0.199388291343,-0.717305088694
-1.12030994633,-0.849856915064,1.43976717692
0.683427744552,-1.52030305125,-0.0510783835618
-1.38551214067,-1.76968408524,0.881311045534
-0.471241197977,0.2187795109,-0.226650615052
-0.975595974514,-0.169654632781,-0.11696734458
-0.476905861948,-3.7163122452,0.618803419241
-0.81501472414,-0.264982293073,0.148523377508
1.16271757692,1.21163339432,-1.33951781543
-0.360006739054,1.04746717302,0.0763726213364
-1.17422373475,0.750555152437,-0.755732332505
-0.0325251336884,1.76031687036,-1.67449409279
-0.528050221544,0.603025776649,0.135804352028
-0.573389907335,1.57412471125,0.283042710877
-0.296887925199,-0.604866551133,-1.25976983405
-0.510492734216,-1.23121853924,-1.29235627139
-0.346820998433,0.283843345071,-2.01760596247
1.4787360662,0.967113730476,0.789957468096
0.659443309019,0.233461366958,0.649828493052
-0.264022186499,2.65491826066,-0.293492222121
-0.428118400608,1.80270059154,0.31061579614
-1.0307682133,1.20890128711,-0.226134180072
0.181118028516,0.572095021008,0.539188120246
-0.040493820342,-0.887357485676,1.02304091505
1.30479770622,0.930258434329,0.54575161677
-0.175887104623,-0.276482255291,-0.210818076069
0.911644900747,-0.283907665015,1.39059066889
-1.044421649,0.148269512517,-0.605546360126
-0.488001268788,-0.196127776849,0.36225175411
-1.35597811633,-0.0843889912624,0.917944482153
0.419595349985,-0.245214968436,-0.225499919685
-0.377847785904,-0.296660399502,-0.643759027243
0.417582450126,-1.47443351265,-0.00943186087193
-0.101930596475,1.5444858584,2.10401801796
0.337940219298,-0.962665416429,-0.539659967706
0.961706286131,0.829014763182,-0.981093293431
-0.211214654229,-0.594904408859,-1.04719368455
0.888147436471,1.09897513143,0.311181123654
-0.149481571331,0.152627626508,-1.25601238235
-0.383615162694,1.32925728988,-0.993587979803
-2.10753866202,-0.418573139186,-0.242084627143
-1.11276591247,0.927733145296,0.0290590030723
0.514252359825,0.408185958949,-1.70953298338
-1.10382217384,-2.00557477102,0.482988400609
0.903052858411,-0.795316087827,-0.669857303567
-0.195246886941,-0.465158898845,-0.321223670806
0.818917567786,-0.424086067382,-1.03374009518
0.0522694844439,-0.792028032315,-0.514758158326
0.227859956383,1.8867076079,-0.196865539508
-1.35956979685,0.137984416146,-0.582596143482
1.91018296315,-2.44640504731,0.295242075366
0.242928197002,-1.49470220039,1.58465319768
0.29725084565,-0.692013503983,-0.744459914574
0.600252514417,-1.45154511697,-0.171833620014
0.0726524819002,-2.43066451959,2.79988975451
0.353208885701,-1.51366088737,-0.718652974538
2.12001542702,-0.289332145733,-0.808168179515
-1.40635185444,-1.22607393051,-0.618814752868
0.696573683216,0.848237916243,0.345842444401
-1.45177855511,-0.520816277414,0.171485760376
0.476026785729,-1.17207234622,-0.29580284565
1.19242049664,-1.45025674393,0.504078505449
-0.454276048161,0.613325237721,-0.156038996203
-0.480797213397,-0.272858203278,0.0108142455585
-0.353921390169,-0.507248339793,0.0299557014022
-0.354173303245,-1.31275318596,1.26415871813
-0.675260511213,0.195340348731,0.138494597167
-0.005280295596,-0.510220222419,1.3614091701
-0.0435396394662,2.85167234223,-2.89886479581
-1.27500991076,1.02514887092,-1.89710342469
0.0577584129383,-0.846332284331,0.120591032205
-0.228993832852,-0.556493878821,0.189443955764
-0.49776087534,-0.861562311465,0.0451676926662
2.31249523504,1.74868779784,0.108359786344
-0.123692822709,1.23806437053,0.435767700462
1.3311017614,2.73248056002,-1.20351220648
1.15537555622,-0.147761911579,-0.716014927162
-1.95162356782,0.472930196652,0.0381862901492
1.74226260636,-0.94021165515,-0.0388803870209
-1.30820478783,0.321509660366,0.81669736695
-1.28566885163,1.1435377033,-0.268534442294
-1.62500655861,-1.52712654522,1.4442833513
-0.398507189397,0.670756747021,0.094438063571
-1.22577560482,1.00515575791,-2.35648452351
-0.338175058563,-0.329811359351,-0.315459378139
-0.0775878814026,0.17159669538,-1.66108153245
0.526322967782,1.4668606761,-0.825628175699
2.12673139236,-0.543804680383,0.494125974835
-0.543608622431,0.101004154318,-0.564720529443
1.90812457901,-1.38778010478,1.47583209143
-1.02359300017,0.37090963482,1.54133269946
-2.08211939638,-1.21465529453,1.67876079169
0.550623020884,-1.90637156298,1.49667694897
-0.216741266581,0.479165693899,0.585157735965
0.814523304678,0.243717938918,-2.35103980622
0.551798225834,1.88578232809,-0.556271897562
-0.457683966988,3.39979959222,-3.22666984209
-1.27797052203,-0.403391956284,0.755373320218
0.4316371642,-0.0535967057375,-1.32159868379
2.03159276387,-0.266769765418,-0.0667801387575
-0.878009751786,-0.511820813794,0.100044987489
-1.19368252694,0.583963829572,0.852554684221
1.12316755169,0.353011045253,0.0546073371797
0.402425411313,0.318756573303,-1.03095143329
1.02525862714,-0.09563972932,-0.744138614826
0.176800716944,-0.289427681455,1.84723209305
-1.72714829916,0.190071884703,-1.99536213883
1.74819249702,-1.41737845448,0.681281513414
-0.415844573211,0.559362021568,-0.76367382238
0.496183525913,0.900617886319,1.47456768197
-0.901821478329,0.298433355823,1.28038063179
-1.18619096773,0.693673546216,0.00126526883665
-0.547921624345,0.662299438847,0.471707662679
-2.05389038618,0.583901135934,-0.322869851665
-0.495546549006,0.00921915598878,-0.0493985644773
-0.639006509466,0.387671438366,-1.51194648743
-0.124117937197,0.766841428166,0.163383444432
1.98163404127,1.67840285613,-1.19808137158
-0.175960936581,-0.632780394292,0.764695153698
1.65815754749,1.04962933325,-0.597976619898
2.15931587155,-0.13786522228,0.577054785006
-1.22485328354,-1.18435081121,-0.785006739247
-0.0199451221012,-0.280408384968,-0.069952090216
0.648642608496,-0.563403342564,0.852853046566
0.961132829806,0.289623560907,-1.09714217074
0.487091799436,-1.56030013929,-0.13283411151
1.09368432752,-0.214283384024,-1.24635355002
2.14062869917,-0.130103762784,1.16922466363
-1.67533836892,0.0441179146829,0.260757282535
1.02309175027,0.0732973710895,0.091790072725
-2.22722406068,0.633450148984,0.90970013404
-0.403406863686,-0.809729006664,0.160140707253
-0.175083183773,-1.25671770308,1.34527101309
0.632336652474,-2.19430816845,0.259773301317
1.52158092827,0.890509396555,-0.153095913947
1.1632842595,-0.926986828073,0.672190828856
-1.00151696606,0.180248682284,1.73461025895
-0.746398318599,-0.425945756654,1.55815924496
-0.361527066658,0.693569474976,-1.21583037906
-0.11195466673,-0.233575564857,0.979118463471
-1.27957819127,-1.51815449318,0.225255598174
0.205149508303,1.41863715719,-0.69680221578
-1.89443407524,1.31247623594,0.282135955234
-0.806348398065,-0.985164976671,0.131932732351
0.177262314574,-0.598675987228,0.66842024807
1.2154412073,-0.02130229595,-0.277134658531
-0.907908270094,-0.393675903328,-0.728897998731
-0.919203638591,0.54376406226,0.25114187904
0.34485332532,1.72138472661,0.878187939575
0.949388027044,0.11235228904,-0.559697659164
-0.748957638114,-1.16387042923,1.87244891928
1.70817275711,-0.985678945764,-1.30422607259
-0.242524402779,-0.278423594179,-0.4370261767
-0.402249741008,-0.785327385344,1.30863468638
-0.963100954201,-0.0395409903852,-0.860783442018
-0.665926573716,-0.765229198353,0.253568775635
-0.139406803022,0.108189572329,-0.870646590478
1.12728323556,1.07289124687,-0.64884827111
0.373606481779,0.37918535856,-0.212100503166
-0.0786269321542,0.100674252909,0.343449105515
0.103849469871,0.391751109299,-0.506566369191
0.804771011214,-0.124650614359,-1.70366829772
0.539457001619,-1.18686605868,-2.09599556714
-0.777868534092,-0.0875225809044,1.82158299118
0.199008577158,0.00379907701678,0.842322730649
-0.571544579178,1.43017295645,0.158010908945
1.10576928043,0.0324077706355,-0.280561678382
-0.749995930025,-0.270936441938,0.377650573195
-0.752728051486,-0.633119675748,1.02118390927
0.0018005081229,-0.587205141448,1.25213591072
-0.386710764779,-0.0158164872405,1.5172883334
-1.12324508456,1.39746688154,0.00792158605853
-1.36577989918,1.52246646822,-1.09283623088
-0.908486375621,0.933160633487,0.988289107354
0.687429573801,1.38774242221,-0.100937604829
-1.42236848687,-0.197800643746,0.697851386661
0.489188127568,-0.0228661801437,0.0660691642014
-0.787490312874,0.865512866541,0.414816588763
0.394948495147,-0.911606209097,1.28236022769
0.913977905255,0.949253485824,-0.90778441603
-1.30027838289,0.0159682382123,-1.12859231627
-0.0682428660985,0.299648315648,1.08679599754
-0.246980865664,0.301788417349,2.23854598595
0.507275795331,0.669845634176,0.457637596331
-0.792681704502,0.709366905668,-0.933764548717
-1.03037448151,-1.01326915407,-0.181215463319
0.421536372984,-0.228173227268,-1.046687202
-0.260683243393,-0.803695068234,1.23190445911
1.71030261805,-2.62529619372,-1.70278973694
1.90271680583,-0.629941140685,-0.0469208615798
-0.481127656833,-0.0376307593213,1.24218873037
0.43974004925,0.976779161502,1.4591371258
-1.54680870315,0.311305908509,1.42279111674
-0.388926005564,-0.208638124584,0.185701478884
0.317797607557,-1.2976632996,-0.288371343524
0.21388111407,0.439186659876,0.17620659921
-1.75502515991,0.0526809309463,-0.565731502645
-1.64637385916,-0.316498091153,0.604175375639
0.0593312039637,-0.236647746178,-1.26196202983
-1.84407260067,-0.817080012091,-0.427507050262
0.589848459675,-1.00217400132,-0.0937679869968
0.787475706167,-2.04887388514,-0.631189243671
-0.372487455154,0.534443143067,-0.498759640986
-1.06401299648,-0.369609651436,0.518732149556
-1.42535180814,-0.222499244696,0.644224482596
-0.905271982297,0.416684155623,1.00951776091
-0.446003085165,0.721958506944,0.660505643326
-1.06133170619,0.846405709071,0.657909022301
1.40288718124,-0.20504928973,0.21546647425
0.0430267760052,0.638804989876,-0.965234489525
-0.427295221833,0.750902834218,1.44064085092
0.254134512973,0.0125839646645,0.546464240504
-0.711840680105,0.482925366545,2.5070957758
0.378510593571,1.04753791231,0.390384222947
-0.929316835854,0.384637504094,-1.07879789608
0.686344762725,-0.547221733649,-1.93775075121
-0.0530419184841,0.411347783517,-0.767957882883
-1.05800724023,-0.189204758749,-1.03502866977
1.23558884784,1.5313852765,0.740830520207